"fishing.guild";"bank.lengthN"
"1";"A Guarda";0.24306074199125
"2";"Baiona";0.13459924265142
"3";"Bueu";0.139448451246355
"4";"Cangas";0.158219806011522
"5";"O Grove";0.0223722618052381
"6";"Vigo";0.0048514635912919
"7";"A Coruna_mix";0.461693792997697
"8";"Aguino";1
"9";"Camarinas";0.050969602125624
"10";"Camelle";0.133595608201309
"11";"Carino";0.114248947490517
"12";"Cedeira";0.121545310346491
"13";"Corme";0.128375734580164
"14";"Espasante";0.0690133581554742
"15";"Ferrol";0.18574388886927
"16";"Finisterra";0.124978139622368
"17";"Laxe";0.0360213118095005
"18";"Malpica";0.190904367497078
"19";"Muxia";0.18387445662138
"20";"O Barqueiro";0.00374526707472168
"21";"Porto do Son";0.0202659744042612
"22";"Burela";0.0643768843061636
"23";"Celeiro";0.0842137651178882
"24";"O Vicedo";0
