"fishing.guild";"SOCIOECOLOGICAL_VUL";"ECOLOGICAL.VUL"
"1";"A Coruna_mix";0.132769192469004;0.350666433965278
"2";"A Guarda";0.427636893660179;0.804055990352185
"3";"Aguino";0.789319437768079;0.773520210604138
"4";"Baiona";0.0696703930767019;1.07992013898743
"5";"Bueu";-0.387032173476317;0.588834726505174
"6";"Burela";0.522453132801032;0.402139184562806
"7";"Camarinas";0.971954835788363;1.10300616154403
"8";"Camelle";0.45053959116609;1.17284409691733
"9";"Cangas";0.375804042924175;1.30738461855767
"10";"Carino";0.952317142724059;1.32601749352773
"11";"Cedeira";1.13762743092471;0.973481396144607
"12";"Celeiro";0.014143581911841;0.256231228487821
"13";"Corme";0.5121351457405;1.0435448475783
"14";"Espasante";0.479710077115462;1.2672987276471
"15";"Ferrol";0.223589970225222;1.11141810492217
"16";"Finisterra";0.621310588330445;0.993571686600665
"17";"Laxe";0.282245492435562;1.15555683700676
"18";"Malpica";-0.460485568225521;0.471388453858313
"19";"Muxia";0.283166990900019;0.981302459915472
"20";"O Barqueiro";-0.339956588198457;0.335833006247226
"21";"O Grove";0.122412680941534;0.717172601563673
"22";"O Vicedo";-0.125579756409025;0.317371001937391
"23";"Porto do Son";0.521965482838697;1.19684164082457
"24";"Vigo";0.296234946349011;0.913251007188363
