"fishing.guild";"CLIME";"QUANTITY_CHANGE";"HABITAT"
"1";"A Coruna_mix";0.330739299610895;0.631233741187847;0.461693792997697
"2";"A Guarda";0.558710820479483;0.520054859881311;0.24306074199125
"3";"Aguino";0.733033445684615;0.902116402116402;1
"4";"Baiona";0.625226820388282;0.572087857553828;0.13459924265142
"5";"Bueu";0.600460786696244;0.190674414878002;0.139448451246355
"6";"Burela";0.348070379245357;0.312169312169312;0.0643768843061636
"7";"Camarinas";0.60126755268656;0.553136450987823;0.050969602125624
"8";"Camelle";0.60126755268656;0.683349090556642;0.133595608201309
"9";"Cangas";0.823352865513792;0.515658040638755;0.158219806011522
"10";"Carino";0.874513618677043;0.424072980979663;0.114248947490517
"11";"Cedeira";0.372269049158922;0.815868669195731;0.121545310346491
"12";"Celeiro";0.249821352008003;0.338819943247356;0.0842137651178882
"13";"Corme";0.60126755268656;0.568462318598247;0.128375734580164
"14";"Espasante";0.874513618677043;0.33529021137091;0.0690133581554742
"15";"Ferrol";0.699991908705732;0.540453257601387;0.18574388886927
"16";"Finisterra";0.610146983504326;0.51074112345505;0.124978139622368
"17";"Laxe";0.60126755268656;0.585250967885981;0.0360213118095005
"18";"Malpica";0.405379959949484;0.401022026832045;0.190904367497078
"19";"Muxia";0.60126755268656;0.56270285513027;0.18387445662138
"20";"O Barqueiro";0.249821352008003;0.33807971618223;0.00374526707472168
"21";"O Grove";0.595066451491996;0.207667445600411;0.0223722618052381
"22";"O Vicedo";0.249821352008003;0.319113478020455;0
"23";"Porto do Son";0.610146983504326;0.5949149270085;0.0202659744042612
"24";"Vigo";0.823352865513792;0.0480610869296962;0.0048514635912919
