"fishing.guild";"SOCIOECOLOGICAL_VUL"
"1";"A Coruna_mix";0.54813449208083
"2";"A Guarda";0.962783215532319
"3";"Aguino";0.814773416522321
"4";"Baiona";0.91775629901134
"5";"Bueu";0.53106016886324
"6";"Burela";0.842432464597103
"7";"Camarinas";1.2573197502432
"8";"Camelle";1.08666126837446
"9";"Cangas";1.1033030211535
"10";"Carino";1.2512270309944
"11";"Cedeira";1.3260202823843
"12";"Celeiro";0.617665525965378
"13";"Corme";1.02954782668864
"14";"Espasante";1.03754345368389
"15";"Ferrol";0.83927091224632
"16";"Finisterra";1.07777898126509
"17";"Laxe";1.02284990615607
"18";"Malpica";0.454671329481509
"19";"Muxia";0.930164072426575
"20";"O Barqueiro";0.514491919423402
"21";"O Grove";0.848673652286329
"22";"O Vicedo";0.655914178754727
"23";"Porto do Son";1.1253674363208
"24";"Vigo";0.855060615484361
