"fishing.guild";"EXPOSURE";"SENSITIVITY";"RECOVERY.POT"
"1";"A Coruna_mix";0.66147859922179;1.78640198421696;0.476899914191156
"2";"A Guarda";1.11742164095897;2.31454339737081;0
"3";"Aguino";1.46606689136923;3.58333333333333;2
"4";"Aldan";1.20092157339249;1.39393939393939;0
"5";"Baiona";1.25045364077656;2.08190749414823;0.159045159540314
"6";"Bueu";1.20092157339249;0.91564880594465;0.163757387263344
"7";"Burela";0.696140758490715;NA;0.0908064485645263
"8";"Caion";0.810759919898967;1.4359414033959;0.0976024823638742
"9";"Camarinas";1.20253510537312;2.09696363870016;0.0777778964730331
"10";"Camelle";1.20253510537312;2.48591724438489;0.158069875844632
"11";"Cangas";1.64670573102758;2.00068665991217;0.197305744492449
"12";"Carino";1.74902723735409;2.12140350327565;0.1509815431551
"13";"Cedeira";0.744538098317845;2.90618730757391;0.146359975865994
"14";"Celeiro";0.499642704016007;1.49366283364634;0.110082975418226
"15";"Corme";1.20253510537312;2.14274299995926;0.152997453673731
"16";"Espasante";1.74902723735409;1.85620360811686;0.0953119508917816
"17";"Ferrol";1.39998381741146;1.95371344449199;0.208745067282797
"18";"Finisterra";1.22029396700865;2.08047899957835;0.180804379171877
"19";"Laxe";1.20253510537312;NA;0.063251866779628
"20";"Lira";1.22029396700865;1.45937336165912;0.0304697111686614
"21";"Malpica";0.810759919898967;1.67946449446422;0.21375977225537
"22";"Muros";1.22029396700865;1.39393939393939;0
"23";"Muxia";1.20253510537312;2.12553910876946;0.206928442921858
"24";"O Barqueiro";0.499642704016007;1.86453604003768;0.0318875586020323
"25";"O Grove";1.19013290298399;1.48121163993348;0.0499883763432113
"26";"O Pindo";1.22029396700865;1.39393939393939;0
"27";"O Vicedo";0.499642704016007;1.43479834298948;0.028248088161827
"28";"Porto do Son";1.22029396700865;2.39297531592145;0.0479415875344312
"29";"Ribadeo";0.986226170304227;1;0
"30";"Ribeira";1.27938794224762;1.39716679743452;0.0489753935131139
"31";"San Cibrao";0.696140758490715;1.49248258997373;0.0904570149502413
"32";"San cosme";0.786758805469159;1.39393939393939;0
"33";"Vigo";1.64670573102758;1.43118064521091;0
