"fishing.guild";"SENSITIVITY"
"1";"A Guarda";0.219704125289287
"2";"Baiona";0.297943562266509
"3";"Bueu";0.26478894176975
"4";"Cangas";0.303408268284011
"5";"O Grove";0.239158286915427
"6";"Vigo";0.34593343652889
"7";"A Coruna_mix";0.672855244279785
"8";"Aguino";0.587774370773254
"9";"Camarinas";0.301460871860306
"10";"Camelle";0.333215756498432
"11";"Carino";0.357846955572777
"12";"Cedeira";0.467279433695414
"13";"Corme";0.276382762535097
"14";"Espasante";0.324212064927962
"15";"Ferrol";0.365578917440177
"16";"Finisterra";0.496971611436426
"17";"Laxe";0.255963559700662
"18";"Malpica";0.373047173270098
"19";"Muxia";0.325068121231125
"20";"O Barqueiro";0.331962614521555
"21";"Porto do Son";0.380814558595112
"22";"Burela";0.415814832962908
"23";"Celeiro";0.379329926452449
"24";"O Vicedo";0.381356842415708
