"fishing.guild";"ADAPTIVE.CAP"
"1";"A Guarda";-0.629496607493955
"2";"Aldan";0.523585389086128
"3";"Baiona";1.77161079418343
"4";"Bueu";1.54166209293761
"5";"Cangas";1.52358538908613
"6";"O Grove";0.183385079665071
"7";"Vigo";1.9297412395869
"8";"A Coruna_mix";2
"9";"Aguino";0.632603208207801
"10";"Caion";0.27847895122547
"11";"Camarinas";-0.909697907336536
"12";"Camelle";1.09030209266346
"13";"Carino";0.163830306978259
"14";"Cedeira";-0.668593762722905
"15";"Corme";0.152756290204381
"16";"Espasante";1.20983633254621
"17";"Ferrol";1.82403713052683
"18";"Finisterra";1.16041039003338
"19";"Laxe";1.03444344923052
"20";"Lira";-0.852617864994707
"21";"Malpica";2.13549385229216
"22";"Muros";-0.761012946828434
"23";"Muxia";1
"24";"O Barqueiro";1.10650598485465
"25";"O Pindo";-0.836983958960997
"26";"Porto do Son";1.26097223353147
"27";"Ribeira";-0.367396791792199
"28";"San cosme";-0.230373929014104
"29";"Burela";0.232536257452796
"30";"Celeiro";1.11992327805372
"31";"O Vicedo";1.73306553031331
"32";"Ribadeo";0.640695202164139
"33";"San Cibrao";2.30508735264048
