"fishing.guild";"SOCIOECOLOGICAL_VUL"
"1";"A Coruna_mix";0.140881225951861
"2";"A Guarda";1.00013020232598
"3";"Aguino";NA
"4";"Aldan";0.0307218206609484
"5";"Baiona";0.307262004146805
"6";"Bueu";-0.0533835668141627
"7";"Burela";NA
"8";"Caion";0.200800642656009
"9";"Camarinas";1.13602936856405
"10";"Camelle";0.653215970592341
"11";"Cangas";0.609927782318122
"12";"Carino";1.25243216718469
"13";"Cedeira";1.32908480765373
"14";"Celeiro";-0.0872800603592865
"15";"Corme";0.755275225242723
"16";"Espasante";0.783535425167057
"17";"Ferrol";0.413155536995685
"18";"Finisterra";0.605575938511929
"19";"Laxe";NA
"20";"Lira";0.857119787126907
"21";"Malpica";-0.149425861170392
"22";"Muros";0.66871223088029
"23";"Muxia";0.562960611523679
"24";"O Barqueiro";0.0397452815876553
"25";"O Grove";0.485062956330645
"26";"O Pindo";0.63078885197439
"27";"O Vicedo";-0.25625945876481
"28";"Porto do Son";NA
"29";"Ribadeo";0.0966212268898873
"30";"Ribeira";0.77788115399652
"31";"San Cibrao";-0.310846193047988
"32";"San cosme";0.269443987992453
"33";"Vigo";0.0800081674956831
