"fishing.guild";"ADAPTIVE.CAP"
"1";"A Guarda";0.0434340070712225
"2";"Baiona";0.343572432280896
"3";"Bueu";0.314828844625168
"4";"Cangas";0.312569256643733
"5";"O Grove";0.145044217966101
"6";"Vigo";0.23833873795633
"7";"A Coruna_mix";0.375
"8";"Aguino";0.204075401025975
"9";"Camarinas";0.011287761582933
"10";"Camelle";0.261287761582933
"11";"Carino";0.145478788372282
"12";"Cedeira";0.0414257796596368
"13";"Corme";0.144094536275548
"14";"Espasante";0.276229541568276
"15";"Ferrol";0.353004641315854
"16";"Finisterra";0.270051298754173
"17";"Laxe";0.254305431153815
"18";"Malpica";0.39193673153652
"19";"Muxia";0.25
"20";"O Barqueiro";0.263313248106832
"21";"Porto do Son";0.282621529191434
"22";"Burela";0.0290670321815996
"23";"Celeiro";0.139990409756716
"24";"O Vicedo";0.216633191289164
"25";"Ribadeo";0.0800869002705174
