fishing.guild;POUCHN;WORK_OPE;EMPLOY_DIF;PROFIT;DIMENSION
A Guarda;0;0.312379554;0.241176471;0.325260476;SENSITIVITY
Baiona;0.151515152;0.524594702;0.104901961;0.410762435;SENSITIVITY
Bueu;0.080808081;0.47361354;0.087254902;0.417479245;SENSITIVITY
Cangas;0.151515152;0.513675274;0.123039216;0.425403432;SENSITIVITY
O Grove;0.232323232;0.305677184;0.157843137;0.260789594;SENSITIVITY
Vigo;1;0.014640592;0;0.369093154;SENSITIVITY
A Coruna_mix;1;0.481665882;0.270833333;0.938921762;SENSITIVITY
Aguino;0.373737374;1;0.58995098;0.387409129;SENSITIVITY
Camarinas;0.02020202;0.46575796;0.636029412;0.083854096;SENSITIVITY
Camelle;0.02020202;0.571414436;0.608088235;0.133158334;SENSITIVITY
Carino;0.03030303;0.410913249;0.707107843;0.2830637;SENSITIVITY
Cedeira;0.03030303;0.643355222;0.636519608;0.558939874;SENSITIVITY
Corme;0.02020202;0.413892243;0.537990196;0.133446591;SENSITIVITY
Espasante;0.03030303;0.448878457;0.727205882;0.09046089;SENSITIVITY
Ferrol;0.111111111;0.570734138;0.487990196;0.292480225;SENSITIVITY
Finisterra;0.797979798;0.476263656;0.652696078;0.060946913;SENSITIVITY
Laxe;0.02020202;0.315109933;0.562990196;0.125552089;SENSITIVITY
Malpica;0.151515152;0.498372941;0.482107843;0.360192758;SENSITIVITY
Muxia;0.02020202;0.416249386;0.614460784;0.249360294;SENSITIVITY
O Barqueiro;0.03030303;0.410818897;0.770833333;0.115895198;SENSITIVITY
Porto do Son;0.515151515;0.411838301;0.522303922;0.073964497;SENSITIVITY
Burela;0.171717172;0.074052133;0.936764706;0.480725322;SENSITIVITY
Celeiro;0.232323232;0.271676244;0.933823529;0.0794967;SENSITIVITY
O Vicedo;0.232323232;0.209274563;0.975980392;0.107849183;SENSITIVITY