"fishing.guild";"ADAPTIVE.CAP"
"1";"A Guarda";0.0926258481265112
"2";"Baiona";0.442902698545858
"3";"Bueu";0.385415523234401
"4";"Cangas";0.380896347271532
"5";"O Grove";0.170846269916268
"6";"Vigo";0.357435309896725
"7";"A Coruna_mix";0.625
"8";"Aguino";0.40815080205195
"9";"Camarinas";0.147575523165866
"10";"Camelle";0.397575523165866
"11";"Carino";0.290957576744565
"12";"Cedeira";0.207851559319274
"13";"Corme";0.288189072551095
"14";"Espasante";0.427459083136552
"15";"Ferrol";0.581009282631707
"16";"Finisterra";0.415102597508346
"17";"Laxe";0.38361086230763
"18";"Malpica";0.53387346307304
"19";"Muxia";0.375
"20";"O Barqueiro";0.401626496213663
"21";"Porto do Son";0.440243058382868
"22";"Burela";0.16924517547431
"23";"Celeiro";0.266091930624542
"24";"O Vicedo";0.294377493689439
