"fishing.guild";"ECOLOGICAL.VUL"
"1";"A Coruna_mix";0.217490390117036
"2";"A Guarda";1.01885192680536
"3";"Aguino";0.773520210604138
"4";"Aldan";0.740590000087567
"5";"Baiona";0.958602196143304
"6";"Bueu";0.47942077075566
"7";"Burela";NA
"8";"Caion";0.395250420062225
"9";"Camarinas";0.966526014951933
"10";"Camelle";1.07218197511867
"11";"Cangas";1.22618354433085
"12";"Carino";1.37649471806776
"13";"Cedeira";0.868999966778386
"14";"Celeiro";0.161631069247046
"15";"Corme";0.946076946618891
"16";"Espasante";1.30491749885952
"17";"Ferrol";1.00538088597801
"18";"Finisterra";0.923047480534024
"19";"Laxe";NA
"20";"Lira";0.765389069383818
"21";"Malpica";0.428458090484021
"22";"Muros";0.756095549499488
"23";"Muxia";0.912662454366669
"24";"O Barqueiro";0.339753164753258
"25";"O Grove";0.73967522900879
"26";"O Pindo";0.756095549499488
"27";"O Vicedo";0.180482751330915
"28";"Porto do Son";1.10662028236787
"29";"Ribadeo";0.421078160653702
"30";"Ribeira";0.780116135965785
"31";"San Cibrao";0.328277509004953
"32";"San cosme";0.409096567223645
"33";"Vigo";1.11135314715213
