"fishing.guild";"ECOLOGICAL.VUL"
"1";"A Coruna_mix";0.645021627852594
"2";"A Guarda";1.00033295637742
"3";"Aguino";0.555377768028937
"4";"Baiona";1.0389297045905
"5";"Bueu";0.710282248196675
"6";"Burela";0.593481677253589
"7";"Camarinas";1.01426173691202
"8";"Camelle";1.10376694912113
"9";"Cangas";1.20709486207094
"10";"Carino";1.20125854329257
"11";"Cedeira";1.01277690870931
"12";"Celeiro";0.455127237974098
"13";"Corme";0.991911745398033
"14";"Espasante";1.1406933743713
"15";"Ferrol";1.05693599997381
"16";"Finisterra";0.951888032428077
"17";"Laxe";1.05350080053485
"18";"Malpica";0.620781334436303
"19";"Muxia";0.959211620377369
"20";"O Barqueiro";0.550490781154074
"21";"O Grove";0.767661180483255
"22";"O Vicedo";0.476423184716679
"23";"Porto do Son";1.10264359718656
"24";"Ribadeo";0.874065466104494
"25";"Vigo";0.861407641578655
