fishing.guild;SOCIOECOLOGICAL_VUL;ECOLOGICAL.VUL
A Coruna_mix;0.044494358;0.500279248
A Guarda;0.405567125;0.835704938
Aguino;0.502805606;0.635149848
Baiona;0.121368329;1.062715435
Bueu;-0.476749755;0.65168675
Burela;0.525699878;0.595862807
Camarinas;1.061558456;1.103434402
Camelle;0.544379661;1.151021035
Cangas;0.38737082;1.1807911
Carino;0.951647643;1.184337652
Cedeira;1.294484512;1.066592408
Celeiro;0.020203744;0.50442753
Corme;0.566629077;1.041354137
Espasante;0.47031148;1.140790472
Ferrol;0.234136912;1.054701277
Finisterra;0.656129045;0.995909967
Laxe;0.391479858;1.150497209
Malpica;-0.493286498;0.615497619
Muxia;0.306351851;0.980095951
O Barqueiro;-0.291831658;0.584155801
O Grove;0.100708375;0.780361635
O Vicedo;-0.082433254;0.56893483
Porto do Son;0.642714699;1.184795936
Vigo;0.217172696;0.866562489