"fishing.guild";"ECOLOGICAL.VULN";"SENSITIVITYN";"ADAPTIVE.CAPN"
"1";"A Coruna_mix";0.26872453559551;1;0.955505642012942
"2";"A Guarda";0.771361198895757;0;0.0844511558568231
"3";"Aguino";0.143684270613687;0.969689484535952;0.50647093427456
"4";"Baiona";0.826580107364855;0.172656391476328;0.872942519031324
"5";"Bueu";0.248538600393785;0.0994917922733851;0.797430459562904
"6";"Burela";0.114942644537075;0.432771099479509;0.0467077859184393
"7";"Camarinas";0.823358294516898;0.180418283376235;0
"8";"Camelle";0.950794589594605;0.250493988077297;0.656773089470025
"9";"Cangas";1;0.184715737179941;0.791494313244919
"10";"Carino";0.975575514817748;0.304849365273221;0.352532220974384
"11";"Cedeira";0.822569729212068;0.546341603539106;0.079175356970961
"12";"Celeiro";0;0.352257325000669;0.338113743456276
"13";"Corme";0.791828543381646;0.125076681097195;0.348895662869672
"14";"Espasante";0.889339555752954;0.230624918748132;0.696026525482646
"15";"Ferrol";0.85244543699521;0.32191201981783;0.89772180330499
"16";"Finisterra";0.70304963040365;0.611865389656028;0.679795711000588
"17";"Laxe";0.879073997958599;0.0800162097801197;0.638429862559495
"18";"Malpica";0.23476528028846;0.338392738251188;1
"19";"Muxia";0.745525639684891;0.232514036890197;0.627119097277929
"20";"O Barqueiro";0.0542724228913727;0.247728594928175;0.662094229637949
"21";"O Grove";0.345436235856661;0.042930848417479;0.351390564381343
"22";"O Vicedo";0.0300116469963687;0.35673026110303;0.539461409106845
"23";"Porto do Son";0.916142586035472;0.256716733386242;0.712818867319108
"24";"Vigo";0.454657447655362;0.278558976701986;0.596483884879766
