"fishing.guild";"ECOLOGICAL.VUL"
"1";"A Coruna_mix";1.97098066924759
"2";"A Guarda";3.43196503832978
"3";"Aguino";3.04940022470256
"4";"Aldan";2.59486096733188
"5";"Baiona";3.17331597538447
"6";"Bueu";1.95281299207379
"7";"Burela";NA
"8";"Caion";2.149098840931
"9";"Camarinas";3.22172084760025
"10";"Camelle";3.53038247391338
"11";"Cangas";3.4500866464473
"12";"Carino";3.71944919747463
"13";"Cedeira";3.50436543002576
"14";"Celeiro";1.88322256224412
"15";"Corme";3.19228065165865
"16";"Espasante";3.50991889457916
"17";"Ferrol";3.14495219462066
"18";"Finisterra";3.11996858741513
"19";"Laxe";NA
"20";"Lira";2.64919761749911
"21";"Malpica";2.27646464210782
"22";"Muros";2.61423336094805
"23";"Muxia";3.12114577122072
"24";"O Barqueiro";2.33229118545165
"25";"O Grove";2.62135616657426
"26";"O Pindo";2.61423336094805
"27";"O Vicedo";1.90619295884366
"28";"Porto do Son";3.56532769539567
"29";"Ribadeo";1.98622617030423
"30";"Ribeira";2.62757934616903
"31";"San Cibrao";2.09816633351421
"32";"San cosme";2.18069819940855
"33";"Vigo";3.07788637623849
