"fishing.guild";"SENSITIVITY"
"1";"A Guarda";2.26638808497503
"2";"Aldan";0.350312211147957
"3";"Baiona";2.78657615252642
"4";"Bueu";2.59710804973895
"5";"Cangas";2.81297206591954
"6";"O Grove";2.1036903087693
"7";"Vigo";1.26146304886607
"8";"A Coruna_mix";5.37042772673236
"9";"Aguino";NA
"10";"Caion";2.24840454864285
"11";"Camarinas";2.72728690941697
"12";"Camelle";2.99005350619127
"13";"Carino";3.29394140492868
"14";"Cedeira";4.47595038839979
"15";"Corme";2.55945539970933
"16";"Espasante";2.86921297870344
"17";"Ferrol";3.20674031124491
"18";"Finisterra";3.47663455415513
"19";"Laxe";2.39385738231832
"20";"Lira";2.24741048153568
"21";"Malpica";3.25286544150352
"22";"Muros";1.4830334820256
"23";"Muxia";3.05512195602613
"24";"O Barqueiro";2.96223936992744
"25";"O Pindo";1.17401960784314
"26";"Porto do Son";NA
"27";"Ribeira";2.54647469613044
"28";"San cosme";1.74117647058824
"29";"Burela";3.65898212235878
"30";"Celeiro";3.08155386203596
"31";"O Vicedo";3.11282314915139
"32";"Ribadeo";2.18431167055642
"33";"San Cibrao";3.12131983741585
