"fishing.guild";"ECONOMIC_STRENGTH";"DEPENDENCY";"MANAGEMENT_STRATEGIES";"LIVELIHOOD_DIV"
"1";"A Guarda";0.393534728442309;1;0;0.976968664063736
"2";"Baiona";0.794642130119697;0.5;0.5;0.976968664063736
"3";"Bueu";0.56469342887387;0.5;0.5;0.976968664063736
"4";"Cangas";0.546616725022392;0.5;0.5;0.976968664063736
"5";"O Grove";0.206416415601335;1;0.5;0.976968664063736
"6";"Vigo";0.952772575523166;0.5;0;0.976968664063736
"7";"A Coruna_mix";1;0;0.5;1
"8";"Aguino";0.632603208207801;0.5;0.5;1
"9";"Camarinas";0.0903020926634639;0.5;0;1
"10";"Camelle";0.0903020926634639;0;0.5;1
"11";"Carino";0.163830306978259;0.5;0.5;1
"12";"Cedeira";0.331406237277095;0.5;0;1
"13";"Corme";0.152756290204381;0.5;0.5;1
"14";"Espasante";0.20983633254621;0;0.5;1
"15";"Ferrol";0.82403713052683;0;0.5;1
"16";"Finisterra";0.160410390033385;0;0.5;1
"17";"Laxe";0.0344434492305187;0.5;1;1
"18";"Malpica";0.135493852292159;0;1;1
"19";"Muxia";0;0;0.5;1
"20";"O Barqueiro";0.106505984854654;0;0.5;1
"21";"Porto do Son";0.260972233531471;0;0.5;1
"22";"Burela";0.67698070189724;0.5;0.5;0
"23";"Celeiro";0.564367722498168;0;0.5;0
"24";"O Vicedo";0.177509974757756;0;1;0
