"fishing.guild";"POUCHN";"WORK_OPE";"EMPLOY_DIF";"PROFIT"
"1";"A Guarda";0;0.312379554388813;0.241176470588235;0.325260476180099
"2";"Baiona";0.151515151515152;0.524594701562077;0.104901960784314;0.410762435204492
"3";"Bueu";0.0808080808080808;0.473613539506161;0.0872549019607843;0.417479244803975
"4";"Cangas";0.151515151515152;0.513675273622369;0.123039215686275;0.42540343231225
"5";"O Grove";0.232323232323232;0.305677184052584;0.157843137254902;0.260789594030992
"6";"Vigo";1;0.0146405919661734;0;0.369093154149387
"7";"A Coruna_mix";1;0.481665881787121;0.270833333333333;0.938921761998685
"8";"Aguino";0.373737373737374;1;0.589950980392157;0.387409128963485
"9";"Camarinas";0.0202020202020202;0.465757959847566;0.636029411764706;0.0838540956269335
"10";"Camelle";0.0202020202020202;0.571414436439786;0.608088235294118;0.133158334057805
"11";"Carino";0.0303030303030303;0.410913249100728;0.707107843137255;0.283063699750095
"12";"Cedeira";0.0303030303030303;0.643355222287907;0.636519607843137;0.558939874347581
"13";"Corme";0.0202020202020202;0.413892242718155;0.537990196078431;0.133446591141781
"14";"Espasante";0.0303030303030303;0.448878457227405;0.727205882352941;0.0904608898284698
"15";"Ferrol";0.111111111111111;0.570734137918366;0.487990196078431;0.292480224652801
"16";"Finisterra";0.797979797979798;0.476263656069123;0.652696078431373;0.0609469132654117
"17";"Laxe";0.0202020202020202;0.31510993323514;0.562990196078431;0.125552089287057
"18";"Malpica";0.151515151515152;0.49837294052617;0.482107843137255;0.360192757901815
"19";"Muxia";0.0202020202020202;0.416249386290993;0.614460784313725;0.24936029411776
"20";"O Barqueiro";0.0303030303030303;0.410818896559556;0.770833333333333;0.1158951978903
"21";"Porto do Son";0.515151515151515;0.411838300618886;0.522303921568627;0.0739644970414201
"22";"Burela";0.171717171717172;0.0740521327014218;0.936764705882353;0.480725321550685
"23";"Celeiro";0.232323232323232;0.271676243867085;0.933823529411765;0.0794967002077131
"24";"O Vicedo";0.232323232323232;0.2092745625549;0.975980392156863;0.107849182627838
