"fishing.guild";"EXPOSURE";"SENSITIVITY";"RECOVERY.POT"
"1";"A Coruna_mix";0.330739299610895;0.552732285337277;0.238449957095578
"2";"A Guarda";0.558710820479483;0.441622135897941;0
"3";"Aguino";0.733033445684615;0.822344322344322;1
"4";"Baiona";0.625226820388282;0.493225463972374;0.0795225797701572
"5";"Bueu";0.600460786696244;0.191700155132103;0.0818786936316722
"6";"Burela";0.348070379245357;0.290814522290495;0.0454032242822632
"7";"Camarinas";0.60126755268656;0.451883132461974;0.0388889482365165
"8";"Camelle";0.60126755268656;0.581534334356882;0.0790349379223162
"9";"Cangas";0.823352865513792;0.482394868803371;0.0986528722462243
"10";"Carino";0.874513618677043;0.402235696193077;0.0754907715775499
"11";"Cedeira";0.372269049158922;0.71368784748338;0.0731799879329969
"12";"Celeiro";0.249821352008003;0.260347373675208;0.0550414877091128
"13";"Corme";0.60126755268656;0.467142919548339;0.0764987268368655
"14";"Espasante";0.874513618677043;0.313835731140147;0.0476559754458908
"15";"Ferrol";0.699991908705732;0.461316624909475;0.104372533641398
"16";"Finisterra";0.610146983504326;0.43214323850969;0.0904021895859386
"17";"Laxe";0.60126755268656;0.483859181238099;0.031625933389814
"18";"Malpica";0.405379959949484;0.322281260614504;0.106879886127685
"19";"Muxia";0.60126755268656;0.461408289151738;0.103464221460929
"20";"O Barqueiro";0.249821352008003;0.316613208447087;0.0159437793010162
"21";"O Grove";0.595066451491996;0.197588917162865;0.0249941881716056
"22";"O Vicedo";0.249821352008003;0.240725876789589;0.0141240440809135
"23";"Porto do Son";0.610146983504326;0.516467407449451;0.0239707937672156
"24";"Ribadeo";0.493113085152113;0.380952380952381;0
"25";"Vigo";0.823352865513792;0.0380547760648629;0
