"fishing.guild";"EXPOSURE";"SENSITIVITY";"RECOVERY.POT"
"1";"A Coruna_mix";0.330739299610895;0.631233741187847;0.238449957095578
"2";"A Guarda";0.558710820479483;0.520054859881311;0
"3";"Aguino";0.733033445684615;0.902116402116402;1
"4";"Baiona";0.625226820388282;0.572087857553828;0.0795225797701572
"5";"Bueu";0.600460786696244;0.190674414878002;0.0818786936316722
"6";"Burela";0.348070379245357;0.312169312169312;0.0454032242822632
"7";"Camarinas";0.60126755268656;0.553136450987823;0.0388889482365165
"8";"Camelle";0.60126755268656;0.683349090556642;0.0790349379223162
"9";"Cangas";0.823352865513792;0.515658040638755;0.0986528722462243
"10";"Carino";0.874513618677043;0.424072980979663;0.0754907715775499
"11";"Cedeira";0.372269049158922;0.815868669195731;0.0731799879329969
"12";"Celeiro";0.249821352008003;0.338819943247356;0.0550414877091128
"13";"Corme";0.60126755268656;0.568462318598247;0.0764987268368655
"14";"Espasante";0.874513618677043;0.33529021137091;0.0476559754458908
"15";"Ferrol";0.699991908705732;0.540453257601387;0.104372533641398
"16";"Finisterra";0.610146983504326;0.51074112345505;0.0904021895859386
"17";"Laxe";0.60126755268656;0.585250967885981;0.031625933389814
"18";"Malpica";0.405379959949484;0.401022026832045;0.106879886127685
"19";"Muxia";0.60126755268656;0.56270285513027;0.103464221460929
"20";"O Barqueiro";0.249821352008003;0.33807971618223;0.0159437793010162
"21";"O Grove";0.595066451491996;0.207667445600411;0.0249941881716056
"22";"O Vicedo";0.249821352008003;0.319113478020455;0.0141240440809135
"23";"Porto do Son";0.610146983504326;0.5949149270085;0.0239707937672156
"24";"Vigo";0.823352865513792;0.0480610869296962;0.0164812535909391
