"fishing.guild";"ABUNDN";"HARVN";"EXPLOTN"
"1";"A Guarda";0.714285714285714;0.0681010875804404;0.777777777777778
"2";"Baiona";0.571428571428572;0.367057223455135;0.777777777777778
"3";"Bueu";0.285714285714286;0.286308958919721;0
"4";"Cangas";0.857142857142857;0.356497931440074;0.333333333333333
"5";"O Grove";0.428571428571429;0.0833197971186927;0.111111111111111
"6";"Vigo";0;0.0330721496779774;0.111111111111111
"7";"A Coruna_mix";1;0.115923445785763;0.777777777777778
"8";"Aguino";0.928571428571429;1;0.777777777777778
"9";"Camarinas";0.571428571428572;0.087980781534897;1
"10";"Camelle";0.571428571428572;0.478618700241354;1
"11";"Carino";0.714285714285714;0.335711006431051;0.222222222222222
"12";"Cedeira";0.714285714285714;0.73332029330148;1
"13";"Corme";0.571428571428572;0.133958384366168;1
"14";"Espasante";0.714285714285714;0.0693626976047951;0.222222222222222
"15";"Ferrol";0.285714285714286;0.557867709312097;0.777777777777778
"16";"Finisterra";0.571428571428572;0.183017021158801;0.777777777777778
"17";"Laxe";0.571428571428572;0.18432433222937;1
"18";"Malpica";0.142857142857143;0.282431159861215;0.777777777777778
"19";"Muxia";0.571428571428572;0.116679993962239;1
"20";"O Barqueiro";0.714285714285714;0.0777312120387524;0.222222222222222
"21";"Porto do Son";0.928571428571429;0.0783955746762929;0.777777777777778
"22";"Burela";0.714285714285714;0;0.222222222222222
"23";"Celeiro";0.142857142857143;0.0958249091071478;0.777777777777778
"24";"O Vicedo";0.142857142857143;0.0367055134264451;0.777777777777778
