"fishing.guild";"ECOLOGICAL.VUL";"SENSITIVITY";"ADAPTIVE.CAP"
"1";"A Coruna_mix";0.500279247801045;0.672855244279785;0.625
"2";"A Guarda";0.835704938369544;0.219704125289287;0.0926258481265112
"3";"Aguino";0.635149847801017;0.587774370773254;0.40815080205195
"4";"Baiona";1.06271543529069;0.297943562266509;0.442902698545858
"5";"Bueu";0.651686750327891;0.26478894176975;0.385415523234401
"6";"Burela";0.595862807108505;0.415814832962908;0.16924517547431
"7";"Camarinas";1.10343440154876;0.301460871860306;0.147575523165866
"8";"Camelle";1.15102103504189;0.333215756498432;0.397575523165866
"9";"Cangas";1.18079110014102;0.303408268284011;0.380896347271532
"10";"Carino";1.18433765216619;0.357846955572777;0.290957576744565
"11";"Cedeira";1.06659240800816;0.467279433695414;0.207851559319274
"12";"Celeiro";0.504427530137471;0.379329926452449;0.266091930624542
"13";"Corme";1.04135413670464;0.276382762535097;0.288189072551095
"14";"Espasante";1.14079047189248;0.324212064927962;0.427459083136552
"15";"Ferrol";1.05470127743785;0.365578917440177;0.581009282631707
"16";"Finisterra";0.995909967337008;0.496971611436426;0.415102597508346
"17";"Laxe";1.15049720876304;0.255963559700662;0.38361086230763
"18";"Malpica";0.615497619284451;0.373047173270098;0.53387346307304
"19";"Muxia";0.98009595119545;0.325068121231125;0.375
"20";"O Barqueiro";0.584155801115511;0.331962614521555;0.401626496213663
"21";"O Grove";0.780361635287169;0.239158286915427;0.170846269916268
"22";"O Vicedo";0.568934830028458;0.381356842415708;0.294377493689439
"23";"Porto do Son";1.18479593610856;0.380814558595112;0.440243058382868
"24";"Vigo";0.866562488852196;0.34593343652889;0.357435309896725
