"fishing.guild";"ECOLOGICAL.VULN";"SENSITIVITY";"ADAPTIVE.CAP"
"1";"A Coruna_mix";0.25253000766698;0.68;0.375
"2";"A Guarda";0.725038819401502;0.23;0.0434340070712225
"3";"Aguino";0.133317614804555;0.68;0.204075401025975
"4";"Baiona";0.776366492264322;0.31;0.343572432280896
"5";"Bueu";0.339316483909841;0.28;0.314828844625168
"6";"Burela";0.183989888455188;0.42;0.0290670321815996
"7";"Camarinas";0.743561931418888;0.32;0.011287761582933
"8";"Camelle";0.862589944515342;0.35;0.261287761582933
"9";"Cangas";1;0.31;0.312569256643733
"10";"Carino";0.992238603642838;0.37;0.145478788372282
"11";"Cedeira";0.741587340818002;0.48;0.0414257796596368
"12";"Celeiro";0;0.39;0.139990409756716
"13";"Corme";0.713839918398942;0.29;0.144094536275548
"14";"Espasante";0.911696347592901;0.34;0.276229541568276
"15";"Ferrol";0.800312064927689;0.38;0.353004641315854
"16";"Finisterra";0.660614604319727;0.52;0.270051298754173
"17";"Laxe";0.795743783888875;0.27;0.254305431153815
"18";"Malpica";0.220294187081745;0.39;0.39193673153652
"19";"Muxia";0.670353837385894;0.34;0.25
"20";"O Barqueiro";0.126818682246477;0.35;0.263313248106832
"21";"O Grove";0.415621540733924;0.25;0.145044217966101
"22";"O Vicedo";0.028320297390673;0.4;0.216633191289164
"23";"Porto do Son";0.861096061137167;0.36;0.282621529191434
"24";"Ribadeo";0.557122693458467;0.27;0.0800869002705174
"25";"Vigo";0.540289755283713;0.36;0.23833873795633
