"fishing.guild";"TempN";"PPN"
"1";"A Guarda";0.424124513618677;0.693297127340289
"2";"Baiona";0.852140077821012;0.398313562955552
"3";"Bueu";0.704280155642023;0.496641417750464
"4";"Cangas";1;0.646705731027583
"5";"O Grove";0.842412451361868;0.347720451622124
"6";"Vigo";1;0.646705731027583
"7";"A Coruna_mix";0.66147859922179;0
"8";"Aguino";0.828793774319066;0.637273117050164
"9";"Camarinas";0.717898832684825;0.484636272688295
"10";"Camelle";0.717898832684825;0.484636272688295
"11";"Carino";0.749027237354085;1
"12";"Cedeira";0.474708171206226;0.269829927111619
"13";"Corme";0.717898832684825;0.484636272688295
"14";"Espasante";0.749027237354085;1
"15";"Ferrol";0.71011673151751;0.689867085893955
"16";"Finisterra";0.696498054474708;0.523795912533943
"17";"Laxe";0.717898832684825;0.484636272688295
"18";"Malpica";0.498054474708171;0.312705445190796
"19";"Muxia";0.717898832684825;0.484636272688295
"20";"O Barqueiro";0;0.499642704016007
"21";"Porto do Son";0.696498054474708;0.523795912533943
"22";"Burela";0.196498054474708;0.499642704016007
"23";"Celeiro";0;0.499642704016007
"24";"O Vicedo";0;0.499642704016007
