fishing.guild;CLIME;QUANTITY_CHANGE;HABITAT;DIMENSION
A Coruna_mix;0.3307393;0.631233741;0.461693793;EXPOSURE
A Guarda;0.55871082;0.52005486;0.243060742;EXPOSURE
Aguino;0.733033446;0.902116402;1;EXPOSURE
Baiona;0.62522682;0.572087858;0.134599243;EXPOSURE
Bueu;0.600460787;0.190674415;0.139448451;EXPOSURE
Burela;0.348070379;0.312169312;0.064376884;EXPOSURE
Camarinas;0.601267553;0.553136451;0.050969602;EXPOSURE
Camelle;0.601267553;0.683349091;0.133595608;EXPOSURE
Cangas;0.823352866;0.515658041;0.158219806;EXPOSURE
Carino;0.874513619;0.424072981;0.114248947;EXPOSURE
Cedeira;0.372269049;0.815868669;0.12154531;EXPOSURE
Celeiro;0.249821352;0.338819943;0.084213765;EXPOSURE
Corme;0.601267553;0.568462319;0.128375735;EXPOSURE
Espasante;0.874513619;0.335290211;0.069013358;EXPOSURE
Ferrol;0.699991909;0.540453258;0.185743889;EXPOSURE
Finisterra;0.610146984;0.510741123;0.12497814;EXPOSURE
Laxe;0.601267553;0.585250968;0.036021312;EXPOSURE
Malpica;0.40537996;0.401022027;0.190904367;EXPOSURE
Muxia;0.601267553;0.562702855;0.183874457;EXPOSURE
O Barqueiro;0.249821352;0.338079716;0.003745267;EXPOSURE
O Grove;0.595066451;0.207667446;0.022372262;EXPOSURE
O Vicedo;0.249821352;0.319113478;0;EXPOSURE
Porto do Son;0.610146984;0.594914927;0.020265974;EXPOSURE
Vigo;0.823352866;0.048061087;0.004851464;EXPOSURE