"fishing.guild";"SOCIOECOLOGICAL_VUL";"ECOLOGICAL.VUL"
"1";"A Coruna_mix";0.54813449208083;0.500279247801045
"2";"A Guarda";0.962783215532319;0.835704938369544
"3";"Aguino";0.814773416522321;0.635149847801017
"4";"Baiona";0.91775629901134;1.06271543529069
"5";"Bueu";0.53106016886324;0.651686750327891
"6";"Burela";0.842432464597103;0.595862807108505
"7";"Camarinas";1.2573197502432;1.10343440154876
"8";"Camelle";1.08666126837446;1.15102103504189
"9";"Cangas";1.1033030211535;1.18079110014102
"10";"Carino";1.2512270309944;1.18433765216619
"11";"Cedeira";1.3260202823843;1.06659240800816
"12";"Celeiro";0.617665525965378;0.504427530137471
"13";"Corme";1.02954782668864;1.04135413670464
"14";"Espasante";1.03754345368389;1.14079047189248
"15";"Ferrol";0.83927091224632;1.05470127743785
"16";"Finisterra";1.07777898126509;0.995909967337008
"17";"Laxe";1.02284990615607;1.15049720876304
"18";"Malpica";0.454671329481509;0.615497619284451
"19";"Muxia";0.930164072426575;0.98009595119545
"20";"O Barqueiro";0.514491919423402;0.584155801115511
"21";"O Grove";0.848673652286329;0.780361635287169
"22";"O Vicedo";0.655914178754727;0.568934830028458
"23";"Porto do Son";1.1253674363208;1.18479593610856
"24";"Vigo";0.855060615484361;0.866562488852196
