"fishing.guild";"ECOLOGICAL.VUL"
"1";"A Coruna_mix";0.500279247801045
"2";"A Guarda";0.835704938369544
"3";"Aguino";0.635149847801017
"4";"Baiona";1.06271543529069
"5";"Bueu";0.651686750327891
"6";"Burela";0.595862807108505
"7";"Camarinas";1.10343440154876
"8";"Camelle";1.15102103504189
"9";"Cangas";1.18079110014102
"10";"Carino";1.18433765216619
"11";"Cedeira";1.06659240800816
"12";"Celeiro";0.504427530137471
"13";"Corme";1.04135413670464
"14";"Espasante";1.14079047189248
"15";"Ferrol";1.05470127743785
"16";"Finisterra";0.995909967337008
"17";"Laxe";1.15049720876304
"18";"Malpica";0.615497619284451
"19";"Muxia";0.98009595119545
"20";"O Barqueiro";0.584155801115511
"21";"O Grove";0.780361635287169
"22";"O Vicedo";0.568934830028458
"23";"Porto do Son";1.18479593610856
"24";"Vigo";0.866562488852196
