"fishing.guild";"ECOLOGICAL.VUL"
"1";"A Coruna_mix";0.723523083703164
"2";"A Guarda";1.07876568036079
"3";"Aguino";0.635149847801017
"4";"Baiona";1.11779209817195
"5";"Bueu";0.709256507942574
"6";"Burela";0.614836467132406
"7";"Camarinas";1.11551505543787
"8";"Camelle";1.20558170532089
"9";"Cangas";1.24035803390632
"10";"Carino";1.22309582807916
"11";"Cedeira";1.11495773042166
"12";"Celeiro";0.533599807546246
"13";"Corme";1.09323114444794
"14";"Espasante";1.16214785460206
"15";"Ferrol";1.13607263266572
"16";"Finisterra";1.03048591737344
"17";"Laxe";1.15489258718273
"18";"Malpica";0.699522100653844
"19";"Muxia";1.0605061863559
"20";"O Barqueiro";0.571957288889217
"21";"O Grove";0.777739708920801
"22";"O Vicedo";0.554810785947545
"23";"Porto do Son";1.18109111674561
"24";"Vigo";0.854932698852549
