"fishing.guild";"SENSITIVITY"
"1";"A Guarda";0.219704125
"2";"Baiona";0.297943562
"3";"Bueu";0.264788942
"4";"Cangas";0.303408268
"5";"O Grove";0.239158287
"6";"Vigo";0.345933437
"7";"A Coruna_mix";0.672855244
"8";"Aguino";0.65912
"9";"Camarinas";0.301460872
"10";"Camelle";0.333215756
"11";"Carino";0.357846956
"12";"Cedeira";0.467279434
"13";"Corme";0.276382763
"14";"Espasante";0.324212065
"15";"Ferrol";0.365578917
"16";"Finisterra";0.496971611
"17";"Laxe";0.25596356
"18";"Malpica";0.373047173
"19";"Muxia";0.325068121
"20";"O Barqueiro";0.331962615
"21";"Porto do Son";0.3360356
"22";"Burela";0.415814833
"23";"Celeiro";0.379329926
"24";"O Vicedo";0.381356842
