fishing.guild;POUCHN;WORK.OPE;EMPLOY.DIF;PROFIT;SENSITIVITY
A Guarda;0;0.784712347;0.276094276;0.299204824;0.340002862
Baiona;0.151515152;0.841857336;0.120089787;0.467019314;0.395120397
O Grove;0.232323232;0.080036519;0.180695847;0.407327957;0.225095889
Vigo;1;0.122506957;0;0.25785745;0.345091102
A Coruna_mix;1;0.524754355;0.270833333;0.846305305;0.660473248
Aguino;NA;0.5;0.636153199;0.610749037;0.5823007
Camarinas;0.02020202;0.288431149;0.688902918;0.117789699;0.278831447
Corme;0.02020202;0.576509119;0.576669473;0.158291352;0.332917991
Ferrol;0.111111111;0.539517607;0.519430415;0.309247018;0.369826538
Finisterra;0.797979798;0.51149979;0.707982604;0.04917834;0.516660133
Laxe;0.02020202;0.24333041;0.605289001;0.164205886;0.258256829
Malpica;0.151515152;0.642746941;0.512696409;0.394398108;0.425339152
Muxia;0.02020202;0.877665877;0.66421156;0.2524728;0.453638064
Porto do Son;NA;0.424717271;0.558712121;0.146861246;0.3767635
Burela;0.171717172;0.050517707;1;0.318228217;0.385115774
Celeiro;0.232323232;0.240855395;0.996632997;0.169133652;0.409736319
Ribadeo;0.050505051;0.304498463;0.978114478;0.292245693;0.406340921