"fishing.guild";"SENSITIVITY"
"1";"A Guarda";0.340002862
"2";"Baiona";0.395120397
"3";"O Grove";0.225095889
"4";"Vigo";0.345091102
"5";"A Coruna_mix";0.660473248
"6";"Aguino";0.5823007
"7";"Camarinas";0.278831447
"8";"Corme";0.332917991
"9";"Ferrol";0.369826538
"10";"Finisterra";0.516660133
"11";"Laxe";0.258256829
"12";"Malpica";0.425339152
"13";"Muxia";0.453638064
"14";"Porto do Son";0.3767635
"15";"Burela";0.385115774
"16";"Celeiro";0.409736319
"17";"Ribadeo";0.406340921
