fishing.guild;CLIME;QUANTITY_CHANGE;HABITAT;DIMENSION
A Coruna_mix;0.3307393;0.611368934;0.459069483;EXPOSURE
A Guarda;0.712062257;0.727961858;0.239370573;EXPOSURE
Aguino;0.873992847;0.48373391;1;EXPOSURE
Baiona;0.713330398;0.69047619;0.130380313;EXPOSURE
Burela;0.458587102;0.265873016;0.059815616;EXPOSURE
Camarinas;0.70846498;0.416354059;0.046342963;EXPOSURE
Celeiro;0.360338075;0.217745625;0.079749183;EXPOSURE
Corme;0.70846498;0.575073354;0.124126464;EXPOSURE
Ferrol;0.852584649;0.466887772;0.181774294;EXPOSURE
Finisterra;0.726006191;0.475742795;0.01187736;EXPOSURE
Laxe;0.70846498;0.431099074;0.031321804;EXPOSURE
Malpica;0.474547749;0.395054834;0.186959931;EXPOSURE
Muxia;0.70846498;0.745031873;0.179895748;EXPOSURE
O Grove;0.671979262;0.186778262;0.017606214;EXPOSURE
Porto do Son;0.726006191;0.556525935;0.015489658;EXPOSURE
Ribadeo;0.56967816;0.457093857;0.077267173;EXPOSURE
Vigo;0.966398681;0.000503427;0;EXPOSURE