"fishing.guild";"ECOLOGICAL.VUL";"SENSITIVITY";"ADAPTIVE.CAP"
"1";"A Coruna_mix";0.483038750865445;0.660473248348073;0.5
"2";"A Guarda";1.20065354226103;0.340002861786301;0.0926258481265112
"3";"Aguino";0.357726756346425;0.530159902327337;0.40815080205195
"4";"Baiona";1.2734262753026;0.395120397190014;0.317902698545858
"5";"Burela";0.664644501987377;0.385115773921302;0.04424517547431
"6";"Camarinas";1.07847607598034;0.278831446545214;0.147575523165866
"7";"Celeiro";0.498334516531038;0.409736319154895;0.141091930624542
"8";"Corme";1.15941186940956;0.332917990926162;0.288189072551095
"9";"Ferrol";1.13769812615787;0.369826538031396;0.581009282631707
"10";"Finisterra";1.18987162565713;0.516660132915449;0.290102597508346
"11";"Laxe";1.10824224988346;0.258256829489896;0.38361086230763
"12";"Malpica";0.682642651528003;0.42533915240039;0.40887346307304
"13";"Muxia";1.27360110438436;0.453638064168996;0.25
"14";"O Grove";0.841151310345325;0.225095888896957;0.170846269916268
"15";"Porto do Son";1.26704246751706;0.411360538347423;0.440243058382868
"16";"Ribadeo";0.949504844097937;0.406340921171862;0.196284911652146
"17";"Vigo";0.966902108180363;0.345091101553847;0.232435309896725
