"fishing.guild";"POUCHN";"WORK_OPE";"EMPLOY_DIF";"PROFIT"
"1";"A Guarda";0;0.78471234660136;0.276094276094276;0.299204824449566
"2";"Baiona";0.151515151515152;0.841857336260203;0.120089786756453;0.467019314228249
"3";"O Grove";0.232323232323232;0.0800365185636032;0.180695847362514;0.407327957338479
"4";"Vigo";1;0.122506956603677;0;0.25785744961171
"5";"A Coruna_mix";1;0.524754355449276;0.270833333333333;0.846305304609683
"6";"Aguino";0.373737373737374;0.5;0.636153198653199;0.610749036918778
"7";"Camarinas";0.0202020202020202;0.288431148854011;0.688902918069585;0.11778969905524
"8";"Corme";0.0202020202020202;0.576509119064171;0.576669472502806;0.158291351935652
"9";"Ferrol";0.111111111111111;0.539517607370635;0.519430415263749;0.30924701838009
"10";"Finisterra";0.797979797979798;0.511499789907684;0.707982603815937;0.0491783399583768
"11";"Laxe";0.0202020202020202;0.243330410309812;0.605289001122334;0.164205886325416
"12";"Malpica";0.151515151515152;0.642746941402032;0.512696408529742;0.394398108154634
"13";"Muxia";0.0202020202020202;0.877665876777251;0.664211560044893;0.252472799651819
"14";"Porto do Son";0.515151515151515;0.424717270790245;0.558712121212121;0.146861246235812
"15";"Burela";0.171717171717172;0.0505177068880472;1;0.318228217079987
"16";"Celeiro";0.232323232323232;0.240855395430276;0.996632996632997;0.169133652233076
"17";"Ribadeo";0.0505050505050505;0.304498463489609;0.978114478114478;0.292245692578308
