"fishing.guild";"EXPOSURE";"SENSITIVITY";"RECOVERY.POT"
"1";"A Coruna_mix";0.330739299610895;0.611368933810879;0.229534741278164
"2";"A Guarda";0.712062256809338;0.727961858483478;0.119685286515891
"3";"Aguino";0.873992846755492;0.483733909590933;1
"4";"Baiona";0.713330397599436;0.690476190476191;0.0651901563865141
"5";"Burela";0.458587101861143;0.265873015873016;0.0299078078733909
"6";"Camarinas";0.70846498014369;0.416354059314752;0.02317148173905
"7";"Celeiro";0.360338074623789;0.217745625100005;0.0398745915963779
"8";"Corme";0.70846498014369;0.575073353728327;0.0620632322312273
"9";"Ferrol";0.852584648999324;0.466887771538454;0.0908871471899516
"10";"Finisterra";0.726006190708803;0.475742795105828;0.00593868007874999
"11";"Laxe";0.70846498014369;0.431099074160751;0.01566090221049
"12";"Malpica";0.474547748588883;0.395054833808727;0.0934799654348036
"13";"Muxia";0.70846498014369;0.745031872698991;0.0899478742291602
"14";"O Grove";0.671979262168256;0.186778262076952;0.00880310694994169
"15";"Porto do Son";0.726006190708803;0.55652593494034;0.00774482906604049
"16";"Ribadeo";0.569678160145086;0.457093857294031;0.0386335866705901
"17";"Vigo";0.966398680684395;0.000503427495968092;0
