"fishing.guild";"SOCIOECOLOGICAL_VUL";"ECOLOGICAL.VUL"
"1";"A Coruna_mix";0.643511999213518;0.483038750865445
"2";"A Guarda";1.44803055592082;1.20065354226103
"3";"Aguino";0.479735856621812;0.357726756346425
"4";"Baiona";1.35064397394676;1.2734262753026
"5";"Burela";1.00551510043437;0.664644501987377
"6";"Camarinas";1.20973199935969;1.07847607598034
"7";"Celeiro";0.766978905061391;0.498334516531038
"8";"Corme";1.20414078778463;1.15941186940956
"9";"Ferrol";0.926515381557559;1.13769812615787
"10";"Finisterra";1.41642916106423;1.18987162565713
"11";"Laxe";0.982888217065726;1.10824224988346
"12";"Malpica";0.699108340855353;0.682642651528003
"13";"Muxia";1.47723916855336;1.27360110438436
"14";"O Grove";0.895400929326014;0.841151310345325
"15";"Porto do Son";1.23815994748162;1.26704246751706
"16";"Ribadeo";1.15956085361765;0.949504844097937
"17";"Vigo";1.07955789983748;0.966902108180363
