"fishing.guild";"ECOLOGICAL.VUL"
"1";"A Coruna_mix";0.36140354335786
"2";"A Guarda";1.33758781966116
"3";"Aguino";0.503672290350448
"4";"Baiona";1.39822487916504
"5";"Burela";0.497737050537019
"6";"Camarinas";1.10642588797737
"7";"Celeiro";0.258599662477287
"8";"Corme";1.24182335467289
"9";"Ferrol";1.26559268299513
"10";"Finisterra";1.24825370321551
"11";"Laxe";1.1412515487174
"12";"Malpica";0.569209776300935
"13";"Muxia";1.41433080082173
"14";"O Grove";0.769413810054233
"15";"Porto do Son";1.35314382761981
"16";"Ribadeo";0.91188540257755
"17";"Vigo";1
