"fishing.guild";"ADAPTIVE.CAP"
"1";"A Guarda";0.0926258481265112
"2";"Baiona";0.317902698545858
"3";"O Grove";0.170846269916268
"4";"Vigo";0.232435309896725
"5";"A Coruna_mix";0.5
"6";"Aguino";0.40815080205195
"7";"Camarinas";0.147575523165866
"8";"Corme";0.288189072551095
"9";"Ferrol";0.581009282631707
"10";"Finisterra";0.290102597508346
"11";"Laxe";0.38361086230763
"12";"Malpica";0.40887346307304
"13";"Muxia";0.25
"14";"Porto do Son";0.440243058382868
"15";"Burela";0.04424517547431
"16";"Celeiro";0.141091930624542
"17";"Ribadeo";0.196284911652146
