"fishing.guild";"EXPOSURE";"SENSITIVITY";"RECOVERY.POT"
"1";"A Coruna_mix";0.330739299610895;0.611368933810879;0.459069482556329
"2";"A Guarda";0.712062256809338;0.727961858483478;0.239370573031781
"3";"Aguino";0.873992846755492;0.483733909590933;1
"4";"Baiona";0.713330397599436;0.690476190476191;0.130380312773028
"5";"Burela";0.458587101861143;0.265873015873016;0.0598156157467818
"6";"Camarinas";0.70846498014369;0.416354059314752;0.0463429634781
"7";"Celeiro";0.360338074623789;0.217745625100005;0.0797491831927558
"8";"Corme";0.70846498014369;0.575073353728327;0.124126464462455
"9";"Ferrol";0.852584648999324;0.466887771538454;0.181774294379903
"10";"Finisterra";0.726006190708803;0.475742795105828;0.0118773601575
"11";"Laxe";0.70846498014369;0.431099074160751;0.03132180442098
"12";"Malpica";0.474547748588883;0.395054833808727;0.186959930869607
"13";"Muxia";0.70846498014369;0.745031872698991;0.17989574845832
"14";"O Grove";0.671979262168256;0.186778262076952;0.0176062138998834
"15";"Porto do Son";0.726006190708803;0.55652593494034;0.015489658132081
"16";"Ribadeo";0.569678160145086;0.457093857294031;0.0772671733411802
"17";"Vigo";0.966398680684395;0.000503427495968092;0
