"fishing.guild";"ECOLOGICAL.VUL"
"1";"A Coruna_mix";0.483038750865445
"2";"A Guarda";1.20065354226103
"3";"Aguino";0.357726756346425
"4";"Baiona";1.2734262753026
"5";"Burela";0.664644501987377
"6";"Camarinas";1.07847607598034
"7";"Celeiro";0.498334516531038
"8";"Corme";1.15941186940956
"9";"Ferrol";1.13769812615787
"10";"Finisterra";1.18987162565713
"11";"Laxe";1.10824224988346
"12";"Malpica";0.682642651528003
"13";"Muxia";1.27360110438436
"14";"O Grove";0.841151310345325
"15";"Porto do Son";1.26704246751706
"16";"Ribadeo";0.949504844097937
"17";"Vigo";0.966902108180363
