fishing.guild;POUCHN;WORK_OPE;EMPLOY_DIF;PROFIT;DIMENSION
A Guarda;0;0.784712347;0.276094276;0.299204824;SENSITIVITY
Baiona;0.151515152;0.841857336;0.120089787;0.467019314;SENSITIVITY
O Grove;0.232323232;0.080036519;0.180695847;0.407327957;SENSITIVITY
Vigo;1;0.122506957;0;0.25785745;SENSITIVITY
A Coruna_mix;1;0.524754355;0.270833333;0.846305305;SENSITIVITY
Aguino;0.373737374;0.5;0.636153199;0.610749037;SENSITIVITY
Camarinas;0.02020202;0.288431149;0.688902918;0.117789699;SENSITIVITY
Corme;0.02020202;0.576509119;0.576669473;0.158291352;SENSITIVITY
Ferrol;0.111111111;0.539517607;0.519430415;0.309247018;SENSITIVITY
Finisterra;0.797979798;0.51149979;0.707982604;0.04917834;SENSITIVITY
Laxe;0.02020202;0.24333041;0.605289001;0.164205886;SENSITIVITY
Malpica;0.151515152;0.642746941;0.512696409;0.394398108;SENSITIVITY
Muxia;0.02020202;0.877665877;0.66421156;0.2524728;SENSITIVITY
Porto do Son;0.515151515;0.424717271;0.558712121;0.146861246;SENSITIVITY
Burela;0.171717172;0.050517707;1;0.318228217;SENSITIVITY
Celeiro;0.232323232;0.240855395;0.996632997;0.169133652;SENSITIVITY
Ribadeo;0.050505051;0.304498463;0.978114478;0.292245693;SENSITIVITY