"fishing.guild";"SENSITIVITY"
"1";"A Guarda";0.340002861786301
"2";"Baiona";0.395120397190014
"3";"O Grove";0.225095888896957
"4";"Vigo";0.345091101553847
"5";"A Coruna_mix";0.660473248348073
"6";"Aguino";0.530159902327337
"7";"Camarinas";0.278831446545214
"8";"Corme";0.332917990926162
"9";"Ferrol";0.369826538031396
"10";"Finisterra";0.516660132915449
"11";"Laxe";0.258256829489896
"12";"Malpica";0.42533915240039
"13";"Muxia";0.453638064168996
"14";"Porto do Son";0.411360538347423
"15";"Burela";0.385115773921302
"16";"Celeiro";0.409736319154895
"17";"Ribadeo";0.406340921171862
