"fishing.guild";"ADAPTIVE.CAP"
"1";"A Guarda";0.0434340070712225
"2";"Baiona";0.218572432280896
"3";"O Grove";0.145044217966101
"4";"Vigo";0.11333873795633
"5";"A Coruna_mix";0.25
"6";"Aguino";0.204075401025975
"7";"Camarinas";0.011287761582933
"8";"Corme";0.144094536275548
"9";"Ferrol";0.353004641315854
"10";"Finisterra";0.145051298754173
"11";"Laxe";0.254305431153815
"12";"Malpica";0.26693673153652
"13";"Muxia";0.125
"14";"Porto do Son";0.282621529191434
"15";"Burela";-0.0959329678184004
"16";"Celeiro";0.0149904097567156
"17";"Ribadeo";0.0800869002705174
