"fishing.guild";"ECOLOGICAL.VUL"
"1";"A Coruna_mix";0.71257349214361
"2";"A Guarda";1.32033882877692
"3";"Aguino";0.357726756346425
"4";"Baiona";1.33861643168911
"5";"Burela";0.694552309860768
"6";"Camarinas";1.10164755771939
"7";"Celeiro";0.538209108127416
"8";"Corme";1.22147510164079
"9";"Ferrol";1.22858527334783
"10";"Finisterra";1.19581030573588
"11";"Laxe";1.12390315209395
"12";"Malpica";0.776122616962806
"13";"Muxia";1.36354897861352
"14";"O Grove";0.849954417295266
"15";"Porto do Son";1.2747872965831
"16";"Ribadeo";0.988138430768527
"17";"Vigo";0.966902108180363
