"fishing.guild";"SOCIOECOLOGICAL_VUL"
"1";"A Coruna_mix";0.582233580990979
"2";"A Guarda";0.91052769079622
"3";"Aguino";0.15218580727019
"4";"Baiona";0.665179131774946
"5";"Burela";0.702418796022271
"6";"Camarinas";0.624205411896473
"7";"Celeiro";0.356450770159278
"8";"Corme";0.571743877741719
"9";"Ferrol";0.198243293831611
"10";"Finisterra";0.966126094207114
"11";"Laxe";0.0577579573535711
"12";"Malpica";0.0676189568585533
"13";"Muxia";1.03280494793402
"14";"O Grove";-0.0473937145208662
"15";"Porto do Son";0.416888138699441
"16";"Ribadeo";0.650975723948405
"17";"Vigo";0.4151123501938
