"fishing.guild";"ECONOMIC_STRENGTH";"DEPENDENCY";"MANAGEMENT_STRATEGIES";"LIVELIHOOD_DIV"
"1";"A Guarda";0.393534728442309;1;0;0.976968664063736
"2";"Baiona";0.794642130119697;1;0.5;0.976968664063736
"3";"O Grove";0.206416415601335;1;0.5;0.976968664063736
"4";"Vigo";0.952772575523166;1;0;0.976968664063736
"5";"A Coruna_mix";1;0.5;0.5;1
"6";"Aguino";0.632603208207801;0.5;0.5;1
"7";"Camarinas";0.0903020926634639;0.5;0;1
"8";"Corme";0.152756290204381;0.5;0.5;1
"9";"Ferrol";0.82403713052683;0;0.5;1
"10";"Finisterra";0.160410390033385;0.5;0.5;1
"11";"Laxe";0.0344434492305187;0.5;1;1
"12";"Malpica";0.135493852292159;0.5;1;1
"13";"Muxia";0;0.5;0.5;1
"14";"Porto do Son";0.260972233531471;0;0.5;1
"15";"Burela";0.67698070189724;1;0.5;0
"16";"Celeiro";0.564367722498168;0.5;0.5;0
"17";"Ribadeo";0.485139646608582;0.7;1;0
