"fishing.guild";"SOCIOECOLOGICAL_VUL"
"1";"A Coruna_mix";0.643511999213518
"2";"A Guarda";1.44803055592082
"3";"Aguino";0.479735856621812
"4";"Baiona";1.35064397394676
"5";"Burela";1.00551510043437
"6";"Camarinas";1.20973199935969
"7";"Celeiro";0.766978905061391
"8";"Corme";1.20414078778463
"9";"Ferrol";0.926515381557559
"10";"Finisterra";1.41642916106423
"11";"Laxe";0.982888217065726
"12";"Malpica";0.699108340855353
"13";"Muxia";1.47723916855336
"14";"O Grove";0.895400929326014
"15";"Porto do Son";1.23815994748162
"16";"Ribadeo";1.15956085361765
"17";"Vigo";1.07955789983748
