"fishing.guild";"ECOLOGICAL.VULN";"SENSITIVITYN";"ADAPTIVE.CAPN"
"1";"A Coruna_mix";0.352792698293512;1;0.770559117302533
"2";"A Guarda";0.957039972989261;0.263925008098549;0.31043729029159
"3";"Aguino";0;0.820448752366106;0.668262945095915
"4";"Baiona";0.975211775627496;0.390522163096681;0.70055480694923
"5";"Burela";0.334875831988627;0.367542964033644;0
"6";"Camarinas";0.739614600775264;0.12342294997476;0.238832138853551
"7";"Celeiro";0.179437626039111;0.424092861475601;0.247079717355435
"8";"Corme";0.858748520536263;0.247652064975662;0.534656707770206
"9";"Ferrol";0.865817534870636;0.332425758960975;1
"10";"Finisterra";0.833232285821284;0.66968168641034;0.536787878024511
"11";"Laxe";0.761741368191871;0.0761659726086033;0.780149383446903
"12";"Malpica";0.415973967718996;0.459930354348077;0.80828536520852
"13";"Muxia";1;0.524928938714059;0.492123990780043
"14";"O Grove";0.489378391182662;0;0.536772105703528
"15";"Porto do Son";0.911752116760403;0.348358976103762;0.843222954164725
"16";"Ribadeo";0.626762523700432;0.416294114182451;0.392080913934478
"17";"Vigo";0.605649127994879;0.275611973198634;0.466148750999713
